28;45;53
190;344;358
233;307;256
264;222;296
437;485;281
487;223;202
436;55;420
30;40;50
120;160;200
66;396;199
260;140;295
33;26;297
15;112;113
152;141;456
21;72;75
417;300;335
348;32;49
235;403;332
170;170;271
225;86;65
400;164;26
138;189;373
310;37;497
340;59;153
399;374;490
223;22;243
309;397;43
331;45;448
79;294;414
354;275;218
20;76;2
24;143;145
8;15;17
463;421;454
61;368;273
480;387;360
175;439;487
365;18;48
434;480;345
351;479;295
305;301;210
168;204;178
132;176;220
424;97;362
27;343;120
114;177;97
197;422;200
235;257;32
9;40;41
314;434;262
258;441;259
297;177;135
230;392;201
4;56;359
290;319;213
218;55;8
60;169;161
69;277;295
125;103;122
49;168;175
480;140;429
38;247;361
164;115;6
244;497;328
292;343;228
247;228;158
386;383;281
282;313;220
266;418;295
30;40;50
13;331;56
327;359;46
458;335;119
102;313;407
265;31;132
237;215;153
99;132;165
137;256;72
60;91;109
187;52;402
230;168;159
108;122;406
192;155;223
304;151;270
486;93;156
404;80;110
119;120;169
465;98;134
199;468;272
131;427;452
120;160;200
53;427;224
388;131;49
355;266;202
160;168;232
236;288;242
489;55;5
250;247;419
22;120;122
106;230;358
135;180;225
76;487;96
43;136;170
46;457;285
95;12;322
167;438;63
31;6;325
113;458;54
315;109;126
80;150;170
24;32;40
9;40;41
117;156;195
414;409;337
133;143;204
406;87;321
252;410;294
322;362;436
169;236;191
105;227;224
467;249;423
30;40;50
463;297;92
58;39;228
21;72;75
48;64;80
336;258;417
119;255;391
124;161;188
20;21;29
123;164;205
336;59;446
349;33;104
53;286;285
415;261;12
454;297;165
342;218;279
20;21;29
6;8;10
88;105;137
433;484;276
183;231;158
80;150;170
139;387;161
13;84;85
111;278;64
185;292;230
57;254;183
96;459;56
222;246;89
307;370;137
321;209;53
165;148;56
317;261;262
386;283;463
132;398;426
429;198;400
475;19;11
8;87;149
180;440;320
80;266;307
472;212;297
48;55;73
156;315;371
290;257;448
158;365;447
24;70;74
382;173;131
42;56;70
20;48;52
89;294;226
443;24;479
196;154;279
306;70;270
185;386;36
230;346;185
343;475;247
388;57;79
84;187;205
140;32;203
235;305;358
303;470;410
290;498;478
429;479;358
77;420;126
459;332;173
135;180;225
228;361;327
63;84;105
269;83;124
283;301;267
169;118;323
118;250;455
60;80;100
450;247;357
194;21;16
168;109;145
12;16;20
163;468;438
104;153;185
64;122;346
15;36;39
375;391;292
179;42;270
410;142;414
20;99;101
168;368;463
249;320;216
346;330;444
337;192;489
223;496;160
466;181;314
292;451;46
332;313;457
20;99;101
101;221;234
410;84;380
305;263;392
66;88;110
85;14;233
9;284;168
88;246;214
280;28;61
331;428;24
454;364;341
385;327;374
72;412;461
131;448;464
282;445;316
372;272;435
52;173;455
465;184;328
132;176;220
488;227;260
8;290;82
283;224;1
56;192;200
351;84;265
40;75;85
257;491;77
318;226;269
91;125;286
46;487;48
469;159;136
251;159;265
72;135;153
17;144;145
1;417;153
492;354;300
299;9;340
379;212;481
106;463;16
40;75;85
311;313;498
267;136;424
144;41;254
128;414;171
110;142;204
372;361;312
442;159;486
220;61;331
32;238;213
477;424;101
427;62;304
144;165;219
413;189;200
13;119;40
60;194;391
304;8;235
373;490;403
458;351;73
118;160;63
23;157;195
117;366;428
68;489;324
498;121;399
6;140;241
60;175;185
343;497;109
162;282;299
433;10;257
258;56;261
245;155;312
470;384;153
115;455;181
405;223;60
369;229;6
252;225;133
382;181;385
221;328;211
262;250;430
370;11;299
295;418;457
51;1;89
458;177;322
110;41;261
179;163;450
17;144;145
460;81;249
84;401;494
88;391;371
164;430;12
20;99;101
72;96;120
43;385;46
430;144;309
266;491;431
321;429;357
7;24;25
274;219;292
424;149;27
140;263;36
195;76;4
24;70;74
63;302;43
235;441;47
410;405;423
12;16;20
83;28;148
156;266;281
44;213;412
440;281;137
275;326;84
341;279;122
49;429;177
500;304;117
469;323;206
477;143;153
25;60;65
181;24;57
500;177;448
11;60;61
231;189;18
437;175;97
81;268;148
336;450;274
65;156;169
496;299;16
300;67;12
430;219;172
337;8;197
40;42;58
24;45;51
32;394;359
84;228;1
453;480;99
17;144;145
390;459;41
20;226;142
147;341;42
221;431;438
178;217;393
114;152;190
129;174;235
144;192;240
170;376;374
159;18;220
446;288;352
391;84;453
251;475;451
51;491;408
58;54;155
358;252;411
64;379;377
10;130;375
12;190;226
69;178;414
340;111;226
195;288;318
266;254;210
248;167;40
350;275;246
3;4;5
57;76;95
58;119;50
51;450;142
254;131;382
48;55;73
457;236;187
162;377;235
424;28;42
297;395;438
306;209;158
489;117;147
16;63;65
46;73;273
99;168;195
450;376;200
20;48;52
356;136;463
392;139;72
435;186;389
170;348;197
368;490;272
349;288;102
336;435;90
382;210;169
17;333;457
96;180;204
411;485;102
41;365;122
359;102;248
436;314;399
80;402;241
237;349;318
164;175;244
457;473;369
21;11;427
253;467;283
264;236;216
414;164;453
178;221;455
3;371;331
99;132;165
75;100;125
183;130;142
211;465;371
391;338;93
126;145;377
131;231;199
383;85;386
199;304;200
25;126;452
129;172;215
415;29;106
416;43;325
64;120;136
140;204;87
480;391;480
140;171;221
172;387;279
238;344;44
268;339;497
379;262;296
414;73;186
144;165;219
413;106;482
473;189;273
194;303;345
110;329;224
60;63;87
296;277;39
180;372;497
320;235;350
464;386;424
39;52;65
438;151;19
193;435;299
381;388;297
258;375;296
96;291;67
15;112;113
29;214;227
51;68;85
498;353;10
415;116;302
162;262;255
406;75;457
73;25;320
254;103;295
27;120;123
269;498;338
137;342;61
273;368;448
59;57;318
141;188;235
461;86;85
367;120;331
117;156;195
21;28;35
91;94;47
377;451;226
255;378;321
483;469;62
100;217;436
8;270;111
275;357;347
204;303;270
171;214;437
227;387;5
303;279;353
10;343;469
324;384;213
317;116;198
382;310;210
121;363;356
496;365;242
469;209;243
336;54;415
300;314;222
284;482;281
130;396;407
240;153;61
204;247;175
312;100;160
312;433;424
39;52;65
32;60;68
75;187;413
172;418;479
433;215;189
441;50;149
48;189;195
154;135;289
215;69;141
47;128;82
240;408;147
279;151;283
96;76;246
306;481;232
59;349;300
247;340;60
204;178;212
242;268;235
325;143;282
83;447;43
445;197;83
320;165;259
440;436;184
358;414;290
59;173;148
497;466;385
283;237;111
9;40;41
144;165;219
416;217;242
24;61;440
494;253;237
58;397;51
80;150;170
151;155;31
20;21;29
463;45;175
420;431;200
473;472;229
485;434;493
324;430;63
10;24;26
469;279;320
404;482;143
162;318;488
278;85;157
243;471;86
487;483;481
273;293;143
420;365;228
72;96;120
274;195;18
393;271;488
56;90;106
341;8;358
448;434;370
304;368;264
141;372;470
99;132;165
169;498;449
57;76;95
451;232;230
363;119;189
19;432;2
331;275;95
439;311;304
310;470;470
409;289;496
113;194;289
296;339;459
322;418;279
326;426;74
463;470;397
468;138;181
79;345;472
430;130;73
84;135;159
200;324;12
408;359;61
334;431;14
40;75;85
380;98;161
44;117;125
362;79;77
340;258;457
119;216;271
21;28;35
304;245;236
472;489;316
435;302;282
213;417;209
426;265;114
141;188;235
209;286;356
468;289;94
164;278;199
66;88;110
71;334;460
70;86;126
93;10;128
222;266;424
359;253;100
387;59;397
381;19;417
21;297;240
84;139;477
70;352;169
343;420;152
213;92;105
488;335;109
268;209;3
93;124;155
60;63;87
69;92;115
424;85;391
213;382;39
81;45;198
120;253;307
84;302;474
63;84;105
107;192;435
287;245;465
364;293;383
201;399;62
349;447;385
271;464;373
137;382;331
56;192;200
153;317;39
455;480;181
372;119;347
140;42;336
312;77;207
100;339;260
440;38;251
138;52;82
243;264;301
451;298;240
469;173;485
29;461;339
6;477;291
334;41;307
315;108;35
422;390;311
88;486;52
180;207;464
197;476;498
204;21;446
328;418;335
234;19;365
376;492;276
433;227;3
81;227;275
301;225;122
62;71;154
175;32;475
399;429;147
296;463;194
96;110;146
60;144;156
311;274;209
140;171;221
385;269;423
33;165;98
84;290;85
176;168;164
220;484;149
41;300;343
434;495;368
67;347;368
432;140;153
32;458;352
378;145;348
195;43;12
7;24;25
56;99;431
308;331;299
120;160;200
80;389;249
300;342;484
432;69;106
144;244;281
48;90;102
293;491;308
165;233;306
46;173;362
33;180;183
90;189;266
104;195;221
246;274;329
436;359;98
488;28;138
308;383;442
323;466;222
81;108;135
131;465;366
277;241;295
174;224;300
138;77;87
322;10;140
237;411;275
328;131;414
168;134;301
340;63;146
313;147;219
16;164;366
364;85;127
386;232;487
159;157;129
399;151;376
207;432;203
33;44;55
461;28;428
154;401;385
491;209;29
404;151;61
63;84;105
414;326;268
34;119;177
22;120;122
189;68;267
379;161;473
30;229;148
119;436;47
162;195;68
251;69;469
30;72;78
33;56;65
328;180;180
262;120;283
28;195;197
335;485;457
306;392;276
239;38;167
136;132;270
416;473;209
424;497;99
336;385;429
152;42;426
342;494;374
57;131;97
244;49;262
279;407;402
248;58;26
255;254;24
103;323;54
21;85;488
107;401;464
199;212;285
46;265;466
205;307;66
444;86;236
75;100;125
396;186;173
68;321;70
2;499;2
57;176;185
65;72;97
102;354;215
66;477;49
332;311;121
33;56;65
422;278;68
306;280;125
376;183;290
84;135;159
403;339;465
27;36;45
110;357;299
106;247;237
478;163;417
3;123;259
200;243;22
444;468;220
231;26;235
91;293;2
49;197;27
124;349;257
350;177;86
401;401;228
33;478;174
83;247;157
330;85;279
54;293;165
180;328;131
453;298;30
40;130;445
299;177;322
17;144;145
493;234;298
462;182;133
156;370;403
141;188;235
52;463;354
96;128;160
297;154;376
209;144;322
59;488;188
390;373;435
213;53;327
178;163;306
49;65;98
368;414;261
128;474;476
14;380;330
417;328;40
164;470;158
375;109;32
383;162;229
222;166;365
388;146;212
194;285;322
261;423;108
95;227;433
484;345;185
30;363;348
318;421;292
484;245;80
366;6;48
248;306;393
84;135;159
288;213;415
179;484;322
5;29;28
389;218;91
87;201;212
322;493;207
340;407;173
477;304;186
463;320;183
488;264;302
344;128;237
243;353;8
353;22;192
127;192;157
441;435;406
143;240;164
198;146;386
291;414;200
64;293;371
74;394;116
268;280;347
262;154;206
493;291;23
30;313;284
299;50;327
341;32;207
110;106;382
94;431;185
49;141;260
350;259;298
401;401;422
184;447;188
75;100;125
263;30;145
369;365;410
94;281;486
37;72;252
211;414;144
185;210;406
422;163;275
108;144;180
378;428;418
219;18;135
23;258;392
146;114;351
230;137;223
35;84;91
36;380;404
419;288;90
16;63;65
405;263;160
40;96;104
373;137;184
307;195;156
13;67;283
358;29;367
413;306;18
116;424;171
85;117;320
457;241;254
113;107;396
303;318;488
95;168;193
101;455;376
90;120;150
477;413;189
284;31;342
268;171;496
145;208;25
411;403;329
7;44;206
437;279;158
324;9;292
457;121;47
80;332;38
51;140;149
30;72;78
7;118;326
392;458;416
137;390;291
118;173;354
178;226;37
244;44;404
210;393;243
229;44;129
486;306;40
332;318;392
186;298;246
155;369;192
33;180;183
284;282;213
48;440;103
430;214;118
65;487;70
415;112;425
495;494;283
27;314;220
398;402;352
350;112;342
421;484;52
305;84;480
70;360;365
392;302;309
192;248;135
78;253;262
224;7;121
213;153;475
66;36;359
101;252;430
172;339;56
68;61;314
405;446;426
299;277;430
60;175;185
394;306;36
343;106;173
41;401;294
247;335;164
292;311;444
153;397;304
88;14;158
295;252;220
104;422;351
127;247;450
56;105;119
78;104;130
17;144;145
350;295;141
175;13;389
117;156;195
52;165;173
198;185;415
331;481;475
280;45;290
493;243;189
494;358;189
43;200;322
359;141;486
178;159;316
194;219;260
380;154;494
7;282;5
73;403;268
221;468;370
324;253;124
407;301;435
300;313;122
111;485;470
155;437;258
267;143;445
449;348;456
372;352;252
50;338;415
448;422;26
17;457;267
93;500;355
81;108;135
85;132;157
356;34;144
317;459;157
147;196;245
400;58;263
418;362;421
100;105;145
128;264;313
42;191;454
152;242;335
340;267;241
426;275;247
48;99;368
353;384;316
413;404;416
334;19;136
22;120;122
157;489;19
48;140;148
111;297;23
443;241;496
84;135;159
475;139;378
140;154;99
358;70;271
93;124;155
343;235;368
38;84;270
157;20;95
183;399;28
144;479;60
459;215;468
160;168;232
180;354;62
56;105;119
1;118;274
357;111;5
267;320;294
166;246;199
93;320;17
239;304;480
226;114;204
366;219;492
392;31;272
50;120;130
49;72;378
282;280;194
478;50;117
20;21;29
330;352;257
341;472;268
352;198;468
51;68;85
384;61;365
171;467;138
50;120;130
15;112;113
172;128;398
12;71;101
365;499;165
163;55;195
203;342;237
243;446;322
181;31;376
207;181;159
191;464;339
66;88;110
147;44;185
123;182;254
123;164;205
424;491;92
90;120;150
121;11;204
13;70;231
282;284;347
163;497;138
219;28;345
193;315;24
312;86;358
457;288;467
46;247;5
137;70;374
96;128;160
482;310;303
77;79;91
97;72;139
345;359;289
99;132;165
105;435;7
244;127;240
295;313;441
98;346;360
335;279;226
80;86;164
424;247;356
464;213;224
233;391;134
486;140;384
286;283;397
475;461;395
250;12;231
397;113;119
183;131;340
118;21;283
332;434;213
466;65;157
124;239;20
124;114;161
396;493;476
113;494;393
235;459;139
92;62;378
21;72;75
475;9;297
398;207;380
78;104;130
78;104;130
28;96;100
50;179;284
271;222;404
154;303;253
56;105;119
47;183;207
13;84;85
56;90;106
420;285;283
48;90;102
405;228;43
478;76;152
27;120;123
65;127;222
40;96;104
40;126;468
36;470;330
7;418;106
307;281;466
491;204;494
465;213;216
464;345;292
286;441;130
323;320;135
357;354;360
417;310;11
90;113;384
211;456;347
39;52;65
78;146;422
333;229;2
481;87;230
120;410;468
67;189;387
443;317;270
15;300;358
391;331;394
339;139;450
284;23;225
217;291;135
44;269;304
189;82;14
317;138;362
44;377;40
126;10;161
226;62;255
129;122;157
193;326;192
149;276;490
86;178;136
57;176;185
24;154;351
204;98;191
371;149;45
88;88;277
176;489;248
185;316;132
353;403;24
7;244;463
81;151;303
317;281;285
254;263;78
178;356;426
406;283;465
9;12;15
338;456;313
183;356;289
11;60;61
465;109;410
23;52;76
499;449;462
420;13;315
166;24;380
219;308;220
75;354;271
94;478;319
13;31;247
278;175;457
55;132;143
12;16;20
265;60;269
303;90;491
60;144;156
19;180;181
83;38;168
175;342;89
251;222;472
36;160;164
247;431;250
72;96;120
91;121;325
300;330;424
338;345;181
281;482;322
286;124;333
476;254;4
65;72;97
500;409;357
345;269;378
143;196;143
140;171;221
265;311;232
35;378;98
131;457;250
160;381;463
341;365;408
321;448;105
123;274;146
42;56;70
202;163;481
156;32;90
431;9;272
460;416;19
278;371;414
57;47;296
186;210;469
74;118;431
243;400;107
170;143;264
212;416;117
437;124;317
470;195;120
48;140;148
417;201;244
106;318;157
138;376;54
302;124;83
401;64;194
125;274;157
77;425;411
499;431;14
69;91;138
399;50;35
451;366;241
214;50;54
176;471;242
124;331;269
374;92;407
255;1;30
195;500;211
480;492;465
430;204;43
67;387;385
266;109;266
57;245;415
28;96;100
454;196;44
199;17;357
460;152;268
173;22;172
132;328;15
48;90;102
359;437;104
158;89;433
229;433;221
84;135;159
393;248;344
371;412;248
322;167;311
120;126;174
411;338;117
81;108;135
274;38;104
394;269;328
487;370;27
331;96;248
311;316;156
63;84;105
171;60;229
168;365;99
40;198;202
387;322;210
382;187;292
63;84;105
130;18;486
53;30;217
405;321;135
336;388;332
13;36;477
298;83;359
140;212;448
465;214;456
249;291;280
164;9;281
60;175;185
24;45;51
93;124;155
60;431;424
48;142;344
79;198;201
322;96;186
485;353;76
271;418;124
13;328;193
264;23;12
265;351;41
165;225;79
24;32;40
309;438;498
363;196;271
467;393;3
390;278;96
458;428;453
8;15;17
497;285;488
172;279;329
362;296;422
412;309;290
51;37;335
65;156;169
1;294;68
8;431;224
191;98;188
498;270;324
34;376;179
119;120;169
103;275;384
129;172;215
255;489;125
303;378;157
325;487;479
451;7;243
383;268;290
72;84;113
415;297;87
200;265;343
34;428;270
259;439;153
87;308;342
256;96;463
231;487;292
15;27;393
250;28;5
24;143;145
411;232;133
33;44;55
435;376;172
30;486;66
5;42;273
395;133;427
325;362;399
403;188;357
295;45;164
257;404;173
134;439;235
477;485;246
367;243;476
210;214;255
469;343;2
112;180;212
485;471;239
236;193;418
239;177;300
334;351;170
78;440;493
31;292;201
16;30;34
178;183;438
279;192;370
448;390;113
90;189;335
219;270;385
33;379;246
66;88;110
226;439;409
289;371;196
413;484;447
434;208;187
395;117;445
298;282;414
450;111;188
354;221;360
155;500;437
306;419;365
365;330;383
263;129;461
475;123;30
453;168;232
327;264;91
496;464;424
353;429;92
293;16;90
272;486;86
75;216;348
270;369;234
54;275;18
370;480;296
349;263;474
466;116;209
491;426;309
30;72;78
102;136;170
118;419;378
418;141;326
249;326;409
388;163;500
334;282;189
64;56;137
143;58;398
47;263;106
369;92;496
146;257;434
95;396;394
359;62;72
1;334;282
36;77;85
370;299;197
245;377;206
396;376;130
276;334;331
128;200;202
47;254;386
206;42;63
363;361;181
332;307;40
18;80;82
419;52;180
132;229;92
223;485;492
153;188;438
226;254;407
326;203;452
9;39;129
420;473;315
11;260;339
16;152;254
121;83;141
256;229;337
322;376;217
41;337;369
33;56;65
231;63;346
302;496;257
188;487;206
486;17;227
177;357;487
184;56;310
347;214;314
34;454;240
280;238;363
90;230;346
17;163;274
12;10;447
382;292;346
27;36;45
463;268;489
69;193;117
86;38;166
497;112;196
196;55;487
73;1;227
353;145;492
163;306;14
395;178;466
22;120;122
54;72;90
64;120;136
101;124;252
493;17;426
221;356;365
126;235;320
17;144;145
78;160;178
236;439;221
320;461;219
407;204;15
331;167;350
320;83;249
176;213;432
387;466;25
17;455;207
449;461;247
81;108;135
359;274;441
11;60;61
368;388;394
160;277;341
362;14;330
348;206;229
275;22;51
384;277;305
50;120;130
333;33;339
93;298;302
235;30;53
430;330;456
180;375;457
125;110;13
406;351;368
112;72;291
422;225;120
35;84;91
209;22;216
160;391;384
30;72;78
126;313;215
48;140;148
406;427;95
65;156;169
17;485;114
251;262;76
84;112;140
465;134;415
144;165;219
230;185;24
16;63;65
438;291;374
1;462;206
105;361;5
